{"test_50": {"weighted_f1": 0.8644845412440424, "macro_f1": 0.8590454549426301, "micro_f1": 0.8594000000000002}, "test_75": {"weighted_f1": 0.8501674470422704, "macro_f1": 0.8817695146523017, "micro_f1": 0.8442}}