{"test_50": {"weighted_f1": 0.8622574724429242, "macro_f1": 0.857375499413703, "micro_f1": 0.857}, "test_75": {"weighted_f1": 0.8454212740756387, "macro_f1": 0.8779180016595622, "micro_f1": 0.839}}