{"test_50": {"weighted_f1": 0.8631725954938709, "macro_f1": 0.8575142669266541, "micro_f1": 0.8588}, "test_75": {"weighted_f1": 0.8468866796112543, "macro_f1": 0.8798572656197047, "micro_f1": 0.8404}}