{"test_50": {"weighted_f1": 0.8637570133336021, "macro_f1": 0.8573782084664207, "micro_f1": 0.8596}, "test_75": {"weighted_f1": 0.845953458244968, "macro_f1": 0.8785035988018158, "micro_f1": 0.8396}}